<?xml version="1.0" encoding="UTF-8"?>
<beans xmlns="http://www.springframework.org/schema/beans"
       xmlns:xsi="http://www.w3.org/2001/XMLSchema-instance"
       xmlns:context="http://www.springframework.org/schema/context"
       xsi:schemaLocation="
           http://www.springframework.org/schema/beans
           http://www.springframework.org/schema/beans/spring-beans-3.1.xsd
           http://www.springframework.org/schema/context
           http://www.springframework.org/schema/context/spring-context-3.1.xsd">
	<context:annotation-config>
	</context:annotation-config>
	
	<bean id="a1" class="com.example.demo.entity.Address">
		<property name="city" value="Hyderabad"></property>
		<property name="pincode" value="500083"></property>
	</bean>
	
	<bean id="d1" class="com.example.demo.entity.Doctor_Teja">
		<constructor-arg value="3231"></constructor-arg>
		<constructor-arg value="doctor_1"></constructor-arg>
		<constructor-arg value="Mbbs, Frcs"></constructor-arg>
		<constructor-arg value="48"></constructor-arg>
		<constructor-arg value="male"></constructor-arg>
		<constructor-arg ref="a1"></constructor-arg>
	</bean>
	
</beans>